atc3_a,atc3_b
A01A,B03B
A01A,C09C
A01A,C10A
A01A,D07A
A01A,D10A
A01A,G01A
A01A,J01F
A01A,L01X
A01A,M01A
A01A,M02A
A01A,M03B
A01A,M05B
A01A,N03A
A01A,R03A
A01A,R06A
A01A,S01A
A02B,A07E
A02B,H02A
A02B,L01C
A02B,M01A
A02B,M03B
A02B,M05B
A02B,N02C
A02B,N05B
A02B,N06A
A03F,C03D
A03F,C07A
A03F,C09A
A03F,J01E
A03F,L01C
A03F,L01X
A05A,J05A
A06A,A07E
A06A,D07A
A06A,N06A
A06A,R01A
A07E,A11C
A07E,B01A
A07E,C07A
A07E,C09A
A07E,C09C
A07E,D05A
A07E,D10A
A07E,G03A
A07E,G04B
A07E,J05A
A07E,L01B
A07E,L04A
A07E,M01A
A07E,M03B
A07E,M05B
A07E,N02A
A07E,N04B
A07E,N05B
A07E,N05C
A07E,N06A
A07E,R05D
A07E,S01E
A10B,B01A
A10B,C10A
A10B,H03A
A10B,M01A
A10B,N06A
A11C,C05A
A11C,D07A
A11C,D10A
A11C,H02A
A11C,R01A
A12B,C02A
A12B,C07A
A12B,N02C
A12B,S01E
B01A,C01D
B01A,C05A
B01A,C05B
B01A,C08D
B01A,C09A
B01A,C09C
B01A,C10A
B01A,D07A
B01A,D10A
B01A,G04B
B01A,H02A
B01A,L01B
B01A,L04A
B01A,M01A
B01A,M03B
B01A,M05B
B01A,N02A
B01A,N04B
B01A,N05C
B01A,N06A
B01A,N06D
B01A,R01A
B01A,R05D
B01A,S01E
B03B,C01B
B03B,C02A
B03B,C05A
B03B,D04A
B03B,J05A
B03B,L01X
B03B,M01A
B03B,M02A
B03B,M05B
B03B,N01B
B03B,N02C
B03B,N05B
B03B,N05C
B03B,R02A
B03B,R03A
B03B,R06A
B03B,S01E
B03B,S01H
C01A,C01B
C01A,L04A
C01A,R05C
C01A,V03A
C01B,C10A
C01B,L01X
C01B,L04A
C01B,M01A
C01B,M02A
C01B,R06A
C01B,V03A
C01D,C08D
C01D,C09A
C01D,C10A
C01E,C09C
C01E,C10A
C01E,M01A
C01E,N05C
C01E,N06A
C02A,C07A
C02A,L01B
C02A,L04A
C02A,N06A
C03A,C07A
C03A,C09A
C03A,D04A
C03A,M04A
C03A,N03A
C03A,R06A
C03C,C09A
C03C,C10A
C03D,D10A
C03D,G03A
C03D,L01X
C03D,M04A
C05A,C07A
C05A,C09A
C05A,C09C
C05A,D05A
C05A,D07A
C05A,L01B
C05A,L01X
C05A,L04A
C05A,M01A
C05A,M02A
C05A,M05B
C05A,N05C
C05A,R03A
C05A,R06A
C05A,S01E
C05B,D10A
C05B,G04B
C05B,N02A
C05B,N04B
C05B,R05D
C07A,C09A
C07A,C09C
C07A,C10A
C07A,D07A
C07A,D10A
C07A,G04C
C07A,H02A
C07A,J01D
C07A,L01B
C07A,L04A
C07A,M01A
C07A,M04A
C07A,M05B
C07A,N02C
C07A,N06A
C07A,R01A
C07A,S01E
C08C,L01X
C08D,C09C
C08D,M01A
C09A,C09C
C09A,C10A
C09A,D07A
C09A,D10A
C09A,G04B
C09A,H02A
C09A,L01B
C09A,L04A
C09A,M01A
C09A,M04A
C09A,N02A
C09A,N04B
C09A,N05C
C09A,R01A
C09A,R05D
C09A,R06A
C09C,C10A
C09C,D07A
C09C,G02C
C09C,G03B
C09C,G04B
C09C,H02A
C09C,H03A
C09C,M01A
C09C,M02A
C09C,N05C
C09C,R01A
C09C,R03A
C09C,R06A
C10A,D07A
C10A,G02C
C10A,G03A
C10A,G03B
C10A,G03C
C10A,G04B
C10A,L02B
C10A,M01A
C10A,M02A
C10A,M03B
C10A,N02B
C10A,N05C
C10A,N06A
C10A,R06A
D01A,J05A
D01A,L01A
D01A,L01C
D01A,L01D
D01A,N06A
D04A,L01X
D04A,M01A
D04A,M02A
D04A,N03A
D04A,R06A
D05A,D07A
D05A,D10A
D05A,H02A
D05A,R01A
D06A,J01F
D06A,N03A
D06A,S01A
D06B,J01D
D06B,J01X
D07A,H02A
D07A,L01B
D07A,L04A
D07A,M03B
D07A,M05B
D07A,N05C
D07A,N06A
D07A,R01A
D07A,R03A
D07A,R06A
D07A,S01E
D10A,G01A
D10A,H02A
D10A,J01A
D10A,J01F
D10A,L01B
D10A,L01X
D10A,L04A
D10A,M03B
D10A,N02A
D10A,N03A
D10A,N05C
D10A,S01A
D10A,S01E
D11A,L01B
D11A,L04A
D11A,N03A
G01A,J01A
G01A,J01F
G01A,L01X
G01A,N03A
G01A,S01A
G02C,M01A
G02C,N05C
G02C,N06A
G03A,H03A
G03A,M01A
G03B,G04B
G03B,H03A
G03C,H03A
G03C,M05B
G03C,N06A
G04B,H02A
G04B,H03A
G04B,L01X
G04B,M01A
G04B,M03B
G04B,N03A
H02A,J05A
H02A,L01B
H02A,L04A
H02A,M01A
H02A,M03B
H02A,M05B
H02A,N02A
H02A,N04B
H02A,N05B
H02A,N05C
H02A,N06A
H02A,R03A
H02A,R05D
H02A,R06A
H02A,S01E
H03A,N05C
H03A,N06A
J01A,J01F
J01A,L01X
J01A,N03A
J01A,S01A
J01C,R03A
J01D,J01X
J01D,J05A
J01D,M01A
J01D,S01A
J01D,S01E
J01F,L01C
J01F,L01X
J01F,S01A
J01X,J02A
J01X,J05A
J01X,S01A
J02A,J05A
J02A,L01A
J02A,L01C
J02A,L01D
J02A,N01A
J02A,N06A
J04A,L01B
J04A,L04A
J04A,P01B
L01A,L01B
L01A,L01C
L01A,L01D
L01A,L01X
L01A,L02B
L01A,L04A
L01A,M05B
L01B,L01C
L01B,L01D
L01B,L01X
L01B,M01A
L01B,M02A
L01B,M05B
L01B,N02C
L01B,N05C
L01B,P01B
L01B,R01A
L01B,S01E
L01C,L01D
L01C,L01X
L01C,L02B
L01C,L04A
L01C,M04A
L01C,M05B
L01C,N06A
L01C,S01E
L01D,L01X
L01D,L02B
L01D,L04A
L01D,M05B
L01X,L04A
L01X,M01A
L01X,M02A
L01X,M03B
L01X,M04A
L01X,N01B
L01X,N02A
L01X,N03A
L01X,N05C
L01X,R02A
L01X,R06A
L01X,S01A
L01X,S01E
L01X,S01H
L02B,M05B
L04A,M01A
L04A,M02A
L04A,M05B
L04A,N02C
L04A,N03A
L04A,N05C
L04A,P01B
L04A,R01A
L04A,R05C
L04A,S01E
L04A,V03A
M01A,M02A
M01A,M03A
M01A,M03B
M01A,N01A
M01A,N01B
M01A,N02B
M01A,N05C
M01A,N06A
M01A,R02A
M01A,R06A
M01A,S01H
M02A,M03A
M02A,N01A
M02A,N01B
M02A,N05C
M02A,N06A
M02A,R02A
M02A,R06A
M02A,S01H
M03A,N01A
M03B,N02B
M03B,R01A
M04A,N05C
M05B,N02B
M05B,R01A
M05B,R06A
N01B,R06A
N02A,N03A
N02A,N05B
N02C,N05B
N02C,N06A
N03A,N05A
N03A,N06A
N03A,N06B
N03A,R06A
N03A,S01A
N05A,N07B
N05B,N06A
N05B,N07B
N05B,S01E
N05C,N06A
N05C,R01A
N05C,S01E
N06A,R01A
N06A,S01E
R01A,R03A
R01A,R06A
R01A,S01E
R02A,R06A
R05C,V03A
R06A,S01H
